Date,Sales
2013-01-01,2795.0428476755533
2013-01-02,2873.873159445278
2013-01-03,2914.9413736717634
2013-01-04,2944.7995125660327
2013-01-05,3011.937463670284
2013-01-06,3075.0028574719217
2013-01-07,3106.3250889645656
2013-01-08,3153.7485703752823
2013-01-09,3236.827647865286
2013-01-10,3274.0232923800245
2013-01-11,3291.7716299904077
2013-01-12,3338.679609670141
2013-01-13,3373.7439400835365
2013-01-14,3369.8676040793735
2013-01-15,3375.679219036135
2013-01-16,3411.7080369911946
2013-01-17,3397.5552263521213
2013-01-18,3360.9321881221813
2013-01-19,3351.822029201305
2013-01-20,3330.6612631574044
2013-01-21,3271.8170740987107
2013-01-22,3225.366498254974
2013-01-23,3213.2314328690222
2013-01-24,3156.3112278918243
2013-01-25,3083.484693961341
2013-01-26,3045.7386663522466
2013-01-27,3004.3211204320432
2013-01-28,2934.1949814278714
2013-01-29,2885.7996495804264
2013-01-30,2881.1746572362877
2013-01-31,2841.087546449484
2013-02-01,2794.0379502568376
2013-02-02,2790.394979216373
2013-02-03,2790.5656837194497
2013-02-04,2768.470329005714
2013-02-05,2773.33092836313
2013-02-06,2825.8267215851356
2013-02-07,2845.2578241968977
2013-02-08,2858.5880576318204
2013-02-09,2914.62300625017
2013-02-10,2972.21996241187
2013-02-11,3003.8043644339978
2013-02-12,3057.1980493731617
2013-02-13,3151.811923898051
2013-02-14,3205.8432645260855
2013-02-15,3245.3477410351225
2013-02-16,3318.441415469084
2013-02-17,3383.5287293798383
2013-02-18,3412.830598207997
2013-02-19,3454.217624714847
2013-02-20,3527.400908947889
2013-02-21,3551.120727687862
2013-02-22,3552.203424315704
2013-02-23,3579.742186955742
2013-02-24,3593.2983191957396
2013-02-25,3566.3978634916625
2013-02-26,3548.329459135201
2013-02-27,3560.2968866667866
2013-02-28,3522.567623375951
2013-03-01,3463.4888505744693
2013-03-02,3433.6277078215235
2013-03-03,3393.9335024152197
2013-03-04,3319.1977945345593
2013-03-05,3259.8192273442937
2013-03-06,3237.92744151499
2013-03-07,3174.508162385534
2013-03-08,3098.4015194125855
2013-03-09,3060.4308508921154
2013-03-10,3021.5599869059474
2013-03-11,2956.355035185845
2013-03-12,2914.7574611285854
2013-03-13,2918.222543274224
2013-03-14,2886.864863979017
2013-03-15,2848.482305634845
2013-03-16,2852.7150753416745
2013-03-17,2859.2368990886976
2013-03-18,2841.2534611079664
2013-03-19,2847.313859927835
2013-03-20,2897.4881011305915
2013-03-21,2910.551211262713
2013-03-22,2913.044386720879
2013-03-23,2953.4686887045837
2013-03-24,2990.507487617663
2013-03-25,2996.5518938164087
2013-03-26,3019.534228971657
2013-03-27,3079.121981274315
2013-03-28,3093.9124076477597
2013-03-29,3090.497941584217
2013-03-30,3117.6578344997224
2013-03-31,3134.572323945341
2013-04-01,3114.333825022689
2013-04-02,3105.7606199032234
2013-04-03,3129.5660577920985
2013-04-04,3105.524129386531
2013-04-05,3061.5023868794715
2013-04-06,3047.6185382637977
2013-04-07,3024.4179731538197
2013-04-08,2966.34771647913
2013-04-09,2923.5332933785185
2013-04-10,2917.912506839797
2013-04-11,2870.3679352138092
2013-04-12,2809.7299922504694
2013-04-13,2786.907655369724
2013-04-14,2763.044781403105
2013-04-15,2712.9780366611203
2013-04-16,2687.0033078963074
2013-04-17,2707.004830600931
2013-04-18,2693.5889104991684
2013-04-19,2675.093996424639
2013-04-20,2701.7339689136697
2013-04-21,2733.7721764845187
2013-04-22,2745.0017248811073
2013-04-23,2784.5382484923493
2013-04-24,2872.978658268165
2013-04-25,2929.5669297433965
2013-04-26,2981.2378170917245
2013-04-27,3076.7944576530153
2013-04-28,3175.1164937281865
2013-04-29,3248.6733315959063
2013-04-30,3345.3479253233954
2013-05-01,3484.623804015504
2013-05-02,3584.7757165098587
2013-05-03,3671.9341932991188
2013-05-04,3794.2795217023972
2013-05-05,3910.261421110716
2013-05-06,3992.118833729174
2013-05-07,4087.705152378524
2013-05-08,4216.671675690005
2013-05-09,4297.649869412824
2013-05-10,4357.303063066699
2013-05-11,4444.503520492648
2013-05-12,4518.531712169136
2013-05-13,4552.572827175356
2013-05-14,4595.516531229052
2013-05-15,4668.113487989951
2013-05-16,4690.129970039009
2013-05-17,4689.371935975509
2013-05-18,4715.835238081816
2013-05-19,4729.87947322083
2013-05-20,4705.701143930135
2013-05-21,4693.112668684516
2013-05-22,4713.681255267407
2013-05-23,4687.869290176101
2013-05-24,4644.047893020589
2013-05-25,4632.640440369796
2013-05-26,4614.293603011324
2013-05-27,4563.351481490523
2013-05-28,4529.639213655062
2013-05-29,4534.609753918861
2013-05-30,4498.495148759223
2013-05-31,4449.333504293903
2013-06-01,4437.127961842304
2013-06-02,4422.034693015137
2013-06-03,4377.854943499397
2013-06-04,4353.836937590025
2013-06-05,4370.840792543677
2013-06-06,4348.507243862114
2013-06-07,4314.300896109593
2013-06-08,4317.683889305468
2013-06-09,4318.316633104949
2013-06-10,4289.560353914015
2013-06-11,4280.287064485134
2013-06-12,4311.04998755964
2013-06-13,4301.255202884808
2013-06-14,4278.205284149794
2013-06-15,4291.270946970351
2013-06-16,4300.087563379206
2013-06-17,4278.051554282311
2013-06-18,4274.122587942016
2013-06-19,4308.9849745051
2013-06-20,4302.209411076843
2013-06-21,4281.286242031484
2013-06-22,4295.786653013518
2013-06-23,4305.549040061857
2013-06-24,4284.165907150366
2013-06-25,4280.777567131451
2013-06-26,4316.226277302049
2013-06-27,4310.212192632976
2013-06-28,4290.322450780926
2013-06-29,4306.189894242303
2013-06-30,4317.678688422799
2013-07-01,4298.372157950096
2013-07-02,4297.368979653171
2013-07-03,4335.441227703926
2013-07-04,4332.19542539232
2013-07-05,4315.107665776889
2013-07-06,4333.689021419776
2013-07-07,4347.678197593246
2013-07-08,4330.536439341924
2013-07-09,4331.250523125918
2013-07-10,4370.497036596729
2013-07-11,4367.8088356051185
2013-07-12,4350.6145116596335
2013-07-13,4368.406905723174
2013-07-14,4380.937489833216
2013-07-15,4361.711550228073
2013-07-16,4359.789984953374
2013-07-17,4395.950961277694
2013-07-18,4389.8524217447675
2013-07-19,4369.06642606594
2013-07-20,4383.241567324111
2013-07-21,4392.290527686007
2013-07-22,4369.877983187743
2013-07-23,4365.214968408529
2013-07-24,4399.213255119999
2013-07-25,4391.641041871926
2013-07-26,4370.151237614308
2013-07-27,4384.43885019639
2013-07-28,4394.424783578642
2013-07-29,4373.741446256203
2013-07-30,4371.5264284132145
2013-07-31,4408.577883560804
2013-08-01,4404.512936420706
2013-08-02,4386.800358388301
2013-08-03,4404.923915646625
2013-08-04,4418.57352558389
2013-08-05,4401.139400479823
2013-08-06,4401.515156223517
2013-08-07,4440.263206906371
2013-08-08,4436.78341466396
2013-08-09,4418.355865282867
2013-08-10,4434.313795348614
2013-08-11,4444.243432237684
2013-08-12,4421.485569657639
2013-08-13,4414.94453119452
2013-08-14,4445.257560464285
2013-08-15,4431.965379009514
2013-08-16,4402.554617628217
2013-08-17,4406.6280530076865
2013-08-18,4404.099393325671
2013-08-19,4368.687497088039
2013-08-20,4349.715818856025
2013-08-21,4368.270339080027
2013-08-22,4344.357010457911
2013-08-23,4305.9297831696895
2013-08-24,4303.045553355061
2013-08-25,4296.043235189138
2013-08-26,4259.02232840334
2013-08-27,4241.627278683623
2013-08-28,4265.191392598196
2013-08-29,4249.881828575388
2013-08-30,4223.717184152737
2013-08-31,4236.71510398308
2013-09-01,4249.064115334981
2013-09-02,4234.602028033664
2013-09-03,4242.600700686818
2013-09-04,4293.914378802587
2013-09-05,4308.1324588458865
2013-09-06,4312.6080984130895
2013-09-07,4356.619226894418
2013-09-08,4399.559208160821
2013-09-09,4414.432413029955
2013-09-10,4449.660718067614
2013-09-11,4525.254248213703
2013-09-12,4559.98728589696
2013-09-13,4580.450126758376
2013-09-14,4635.232774396709
2013-09-15,4683.137060772667
2013-09-16,4696.691801699681
2013-09-17,4723.976391625862
2013-09-18,4784.805597633513
2013-09-19,4797.915990088611
2013-09-20,4790.024392996336
2013-09-21,4810.013951116569
2013-09-22,4817.144217677751
2013-09-23,4784.559809663267
2013-09-24,4761.103097194087
2013-09-25,4767.483874914778
2013-09-26,4723.446763714695
2013-09-27,4656.807153311489
2013-09-28,4617.611816951675
2013-09-29,4566.321229912407
2013-09-30,4477.288844239567
2013-10-01,4400.543550803937
2013-10-02,4357.929079678623
2013-10-03,4270.2419068332365
2013-10-04,4166.239291063829
2013-10-05,4096.7743560305835
2013-10-06,4022.9559838324903
2013-10-07,3919.6094267017393
2013-10-08,3837.0444389653167
2013-10-09,3797.1851337934045
2013-10-10,3720.7034645576446
2013-10-11,3636.028150322694
2013-10-12,3593.4860133010543
2013-10-13,3553.4733980913597
2013-10-14,3489.933344059525
2013-10-15,3452.144926748216
2013-10-16,3460.87846151073
2013-10-17,3435.557835144893
2013-10-18,3403.301047881849
2013-10-19,3413.095112045025
2013-10-20,3424.002093210696
2013-10-21,3408.671042614358
2013-10-22,3415.161300664827
2013-10-23,3463.129941164431
2013-10-24,3471.0237366065294
2013-10-25,3465.1459046418877
2013-10-26,3493.8530463206876
2013-10-27,3515.7784340030803
2013-10-28,3503.3558958996073
2013-10-29,3504.6494164904675
2013-10-30,3539.5410141673588
2013-10-31,3526.917227587337
2013-11-01,3493.724583930214
2013-11-02,3489.149732837925
2013-11-03,3472.8208307654468
2013-11-04,3418.304992444369
2013-11-05,3374.907626512798
2013-11-06,3363.827023986306
2013-11-07,3305.305426194988
2013-11-08,3227.647904227323
2013-11-09,3181.3657281692986
2013-11-10,3127.3418189301938
2013-11-11,3040.2940840895326
2013-11-12,2970.5433976107615
2013-11-13,2940.140461113934
2013-11-14,2869.9935457977435
2013-11-15,2788.8691004544694
2013-11-16,2747.5224212244793
2013-11-17,2706.8563368054083
2013-11-18,2641.383913189926
2013-11-19,2601.001966905361
2013-11-20,2607.129483908304
2013-11-21,2579.852634473256
2013-11-22,2546.947900838273
2013-11-23,2558.0398971447366
2013-11-24,2572.791088591059
2013-11-25,2564.3985568552293
2013-11-26,2581.4036571655624
2013-11-27,2643.867660181755
2013-11-28,2670.554032622307
2013-11-29,2687.9878335598823
2013-11-30,2744.6477918536402
2013-12-01,2799.187311896152
2013-12-02,2823.958676457025
2013-12-03,2866.845520122393
2013-12-04,2947.456023011736
2013-12-05,2984.3169820868998
2013-12-06,3003.938901578578
2013-12-07,3055.007503694871
2013-12-08,3096.5979186300183
2013-12-09,3101.6860107511475
2013-12-10,3118.962273928096
2013-12-11,3169.001266789848
2013-12-12,3171.427413633441
2013-12-13,3153.9481097443104
2013-12-14,3166.510435742196
2013-12-15,3169.4787254782696
2013-12-16,3137.108482354465
2013-12-17,3119.323140151606
2013-12-18,3137.8476962466034
2013-12-19,3113.341064442653
2013-12-20,3074.399042973667
2013-12-21,3071.6850675132487
2013-12-22,3066.086741501036
2013-12-23,3032.174249425083
2013-12-24,3019.9676033754654
2013-12-25,3051.0670363197432
2013-12-26,3045.7884973433734
2013-12-27,3032.1760714420147
2013-12-28,3060.14824133376
2013-12-29,3089.6755585475917
2013-12-30,3094.265243274145
2013-12-31,3122.758932229049
2014-01-01,3195.4970323271687
2014-01-02,3231.490679068128
2014-01-03,3257.472091984162
2014-01-04,3322.079169458
2014-01-05,3384.0708003593895
2014-01-06,3415.8473383209393
2014-01-07,3465.281430769317
2014-01-08,3551.911709051436
2014-01-09,3594.13948985399
2014-01-10,3618.29855854688
2014-01-11,3672.853302732022
2014-01-12,3716.6212636848004
2014-01-13,3722.294318000418
2014-01-14,3738.263631337676
2014-01-15,3784.8010255468953
2014-01-16,3781.2372264968653
2014-01-17,3755.007551793101
2014-01-18,3755.820960104696
2014-01-19,3743.8493189211317
2014-01-20,3693.212017261306
2014-01-21,3653.7620724090443
2014-01-22,3647.2274463307867
2014-01-23,3594.349150037635
2014-01-24,3523.88781382675
2014-01-25,3486.755733614986
2014-01-26,3444.1722891500526
2014-01-27,3371.1188096989895
2014-01-28,3318.099875545723
2014-01-29,3307.265474521434
2014-01-30,3259.536140191954
2014-01-31,3203.603127267352
2014-02-01,3190.0608305943797
2014-02-02,3179.5693524927856
2014-02-03,3146.323115371474
2014-02-04,3139.8321464434416
2014-02-05,3181.0699192884595
2014-02-06,3189.6291861672935
2014-02-07,3192.7570248421475
2014-02-08,3239.525358376395
2014-02-09,3289.033814979316
2014-02-10,3313.919726090612
2014-02-11,3362.1807601944574
2014-02-12,3453.362948496286
2014-02-13,3505.754439725173
2014-02-14,3545.4551735177497
2014-02-15,3620.577787488388
2014-02-16,3689.4757986699838
2014-02-17,3724.2731708958536
2014-02-18,3772.7002375897614
2014-02-19,3854.2883811203787
2014-02-20,3887.5676486462125
2014-02-21,3899.1174336315776
2014-02-22,3937.7658895134714
2014-02-23,3962.794347870007
2014-02-24,3947.4414792217744
2014-02-25,3940.708856541588
2014-02-26,3963.5211625483475
2014-02-27,3935.882156446627
2014-02-28,3885.897639396718
2014-03-01,3863.922025617362
2014-03-02,3830.726057433814
2014-03-03,3760.961437558125
2014-03-04,3704.9291276967347
2014-03-05,3684.705562834357
2014-03-06,3621.2688117769476
2014-03-07,3543.496719902224
2014-03-08,3502.294297854739
2014-03-09,3458.748393900517
2014-03-10,3387.58575202429
2014-03-11,3338.941354652629
2014-03-12,3334.4912667308877
2014-03-13,3294.591798364021
2014-03-14,3247.2966345175773
2014-03-15,3242.508645431928
2014-03-16,3240.16371866106
2014-03-17,3213.721891195356
2014-03-18,3211.971753418593
2014-03-19,3255.2013370420336
2014-03-20,3262.376250279757
2014-03-21,3260.195634728256
2014-03-22,3297.2815931892555
2014-03-23,3332.3984038083972
2014-03-24,3337.9758403425826
2014-03-25,3361.9417045621162
2014-03-26,3423.917965238594
2014-03-27,3442.4109941413385
2014-03-28,3443.8853309346378
2014-03-29,3476.957009987956
2014-03-30,3500.6122973579813
2014-03-31,3487.7242727055345
2014-04-01,3486.872579826832
2014-04-02,3518.519189740461
2014-04-03,3502.1808595381767
2014-04-04,3465.469069844971
2014-04-05,3458.2535792720128
2014-04-06,3440.8466657986964
2014-04-07,3387.483372326194
2014-04-08,3348.1040736323207
2014-04-09,3344.493217602712
2014-04-10,3297.41592051891
2014-04-11,3235.6241563096387
2014-04-12,3209.989569883628
2014-04-13,3181.6607871254864
2014-04-14,3125.5212312726358
2014-04-15,3091.9543273936306
2014-04-16,3102.970370219817
2014-04-17,3079.3370053493345
2014-04-18,3049.5851760736623
2014-04-19,3064.1475190953042
2014-04-20,3083.526878749328
2014-04-21,3081.7705977420437
2014-04-22,3108.2569770476766
2014-04-23,3183.8475688208864
2014-04-24,3228.0465368483383
2014-04-25,3268.0381380642775
2014-04-26,3352.858449348316
2014-04-27,3441.5981140869735
2014-04-28,3506.910860223138
2014-04-29,3596.8332898674576
2014-04-30,3730.9687496709435
2014-05-01,3827.675722012645
2014-05-02,3913.1310783063864
2014-05-03,4035.523704528131
2014-05-04,4153.274774767083
2014-05-05,4238.559051571219
2014-05-06,4339.1324743312
2014-05-07,4474.518744119699
2014-05-08,4563.195382920159
2014-05-09,4631.6497799978115
2014-05-10,4728.561035393044
2014-05-11,4813.004291540954
2014-05-12,4857.952449777473
2014-05-13,4912.0811367984315
2014-05-14,4995.930300621411
2014-05-15,5029.063632305364
2014-05-16,5039.097070673085
2014-05-17,5075.852949322021
2014-05-18,5099.5372100597215
2014-05-19,5084.215276374005
2014-05-20,5079.593093954122
2014-05-21,5107.1572882465625
2014-05-22,5087.316120011197
2014-05-23,5048.412883708721
2014-05-24,5040.868590133068
2014-05-25,5025.351529004641
2014-05-26,4976.2493644020715
2014-05-27,4943.450218555205
2014-05-28,4948.4865364661955
2014-05-29,4911.683156507366
2014-05-30,4861.180888120052
2014-05-31,4847.09201915753
2014-06-01,4829.684869187641
2014-06-02,4782.872517707347
2014-06-03,4756.011614652488
2014-06-04,4770.064487092622
2014-06-05,4744.765445858882
2014-06-06,4707.662028002537
2014-06-07,4708.287121311463
2014-06-08,4706.358643000871
2014-06-09,4675.281524650496
2014-06-10,4663.957603877405
2014-06-11,4692.956430098941
2014-06-12,4681.687715641258
2014-06-13,4657.446148517021
2014-06-14,4669.584527665574
2014-06-15,4677.712007990951
2014-06-16,4655.192393252787
2014-06-17,4650.948328800871
2014-06-18,4685.624708073528
2014-06-19,4678.752373794062
2014-06-20,4657.783209956352
2014-06-21,4672.252981594592
2014-06-22,4681.969108484066
2014-06-23,4660.498698694212
2014-06-24,4656.9630580757475
2014-06-25,4692.192318201648
2014-06-26,4685.881546582272
2014-06-27,4665.619663974917
2014-06-28,4681.047693977554
2014-06-29,4692.043634517679
2014-06-30,4672.209314049955
2014-07-01,4670.665419326707
2014-07-02,4708.208244706982
2014-07-03,4704.469375844132
2014-07-04,4686.949430040213
2014-07-05,4705.182132935574
2014-07-06,4718.925742574653
2014-07-07,4701.656883004709
2014-07-08,4702.372664534723
2014-07-09,4741.754323615828
2014-07-10,4739.333312553773
2014-07-11,4722.530674063063
2014-07-12,4740.825748523967
2014-07-13,4753.951027363536
2014-07-14,4735.388068426777
2014-07-15,4734.170257952179
2014-07-16,4771.04562662969
2014-07-17,4765.640662609324
2014-07-18,4745.496056279926
2014-07-19,4760.230558404902
2014-07-20,4769.729957532491
2014-07-21,4747.636326765114
2014-07-22,4743.143593253419
2014-07-23,4777.152931255076
2014-07-24,4769.429228724999
2014-07-25,4747.629871636552
2014-07-26,4761.462327657177
2014-07-27,4770.867814370236
2014-07-28,4749.506449869443
2014-07-29,4746.550145514159
2014-07-30,4782.836898381093
2014-07-31,4778.027833572083
2014-08-01,4759.638279444853
2014-08-02,4777.199332167858
2014-08-03,4790.447104983894
2014-08-04,4772.814907356527
2014-08-05,4773.23440229694
2014-08-06,4812.299135207555
2014-08-07,4809.431475599373
2014-08-08,4791.923911142652
2014-08-09,4809.110783280207
2014-08-10,4820.567281317044
2014-08-11,4799.610565585246
2014-08-12,4795.108694725583
2014-08-13,4827.650438706599
2014-08-14,4816.716702349885
2014-08-15,4789.724267383238
2014-08-16,4796.1977585433
2014-08-17,4795.966538411838
2014-08-18,4762.661362258044
2014-08-19,4745.516520802052
2014-08-20,4765.530651410414
2014-08-21,4742.627164602744
2014-08-22,4704.685256342616
2014-08-23,4701.697755010458
2014-08-24,4693.95290729495
2014-08-25,4655.515381105543
2014-08-26,4636.0126946114615
2014-08-27,4656.780753073105
2014-08-28,4638.0099461110285
2014-08-29,4607.763270321337
2014-08-30,4616.1231932819865
2014-08-31,4623.364787516734
2014-09-01,4603.43077946111
2014-09-02,4605.715018929901
2014-09-03,4651.208265322863
2014-09-04,4659.647866899122
2014-09-05,4658.54282439737
2014-09-06,4697.3308804536555
2014-09-07,4735.564987217563
2014-09-08,4746.404521945972
2014-09-09,4778.4173872396705
2014-09-10,4851.746438285054
2014-09-11,4885.281285790156
2014-09-12,4905.706378270193
2014-09-13,4961.681373411958
2014-09-14,5012.050492689849
2014-09-15,5029.355564943779
2014-09-16,5061.6582317194625
2014-09-17,5128.724152710428
2014-09-18,5149.209667908069
2014-09-19,5149.721324801646
2014-09-20,5179.003857971072
2014-09-21,5196.152993331213
2014-09-22,5174.127569029545
2014-09-23,5161.566362271113
2014-09-24,5178.962472190662
2014-09-25,5145.835891179252
2014-09-26,5089.774944070622
2014-09-27,5060.602583559756
2014-09-28,5018.564422739387
2014-09-29,4937.813602579963
2014-09-30,4868.198571334363
2014-10-01,4831.407377625903
2014-10-02,4748.109905105296
2014-10-03,4646.9695457201215
2014-10-04,4578.781117090418
2014-10-05,4504.632698449562
2014-10-06,4399.367230283981
2014-10-07,4313.350633936127
2014-10-08,4268.600644039941
2014-10-09,4185.918266661048
2014-10-10,4093.893723859104
2014-10-11,4043.043920554696
2014-10-12,3993.9791968799746
2014-10-13,3920.87515376268
2014-10-14,3873.2561040801106
2014-10-15,3872.1439955322116
2014-10-16,3837.214236399307
2014-10-17,3795.82967990174
2014-10-18,3797.209090085077
2014-10-19,3800.6277685703703
2014-10-20,3778.9216666623306
2014-10-21,3780.307805297515
2014-10-22,3824.566728476575
2014-10-23,3830.231084920041
2014-10-24,3823.6499777925183
2014-10-25,3853.184565096074
2014-10-26,3877.4311121022265
2014-10-27,3868.7457562994314
2014-10-28,3875.076087046714
2014-10-29,3916.1520538888335
2014-10-30,3910.6764583920817
2014-10-31,3885.385298742072
2014-11-01,3889.233522312653
2014-11-02,3881.602621154167
2014-11-03,3835.804720140817
2014-11-04,3800.888795220733
2014-11-05,3797.802203111365
2014-11-06,3746.548559173474
2014-11-07,3675.213108077737
2014-11-08,3634.1120876013256
2014-11-09,3583.9635095367967
2014-11-10,3499.355013139998
2014-11-11,3430.5154230181142
2014-11-12,3399.444148294542
2014-11-13,3327.040349506213
2014-11-14,3242.1038166906865
2014-11-15,3195.4647442552673
2014-11-16,3148.140378648385
2014-11-17,3074.7945970733167
2014-11-18,3025.5072908487264
2014-11-19,3021.907763408118
2014-11-20,2984.313971280274
2014-11-21,2940.749284178166
2014-11-22,2941.0935200897407
2014-11-23,2945.265653971573
2014-11-24,2926.713526150652
2014-11-25,2934.2166249339925
2014-11-26,2988.0551966371168
2014-11-27,3007.186536151371
2014-11-28,3018.299099932995
2014-11-29,3070.0001555877484
2014-11-30,3121.0333401759817
2014-12-01,3143.8004936368056
2014-12-02,3186.1929082945844
2014-12-03,3267.784479451552
2014-12-04,3307.026916497811
2014-12-05,3330.3171248158465
2014-12-06,3386.192095845816
2014-12-07,3433.547469690658
2014-12-08,3445.154104261779
2014-12-09,3469.477936222721
2014-12-10,3526.855936085155
2014-12-11,3536.6687987504547
2014-12-12,3526.381112940713
2014-12-13,3545.7051138200522
2014-12-14,3554.785062535475
2014-12-15,3527.6775538470974
2014-12-16,3514.1340649389163
2014-12-17,3535.7396073411032
2014-12-18,3513.049184651492
2014-12-19,3474.593832686833
2014-12-20,3471.0133220132234
2014-12-21,3463.213456941868
2014-12-22,3425.8240517921695
2014-12-23,3408.964544078351
2014-12-24,3434.371601401702
2014-12-25,3422.530753487193
2014-12-26,3401.6839789172905
2014-12-27,3421.9702988779413
2014-12-28,3443.5971038330163
2014-12-29,3440.3179115962175
2014-12-30,3461.2229687840522
2014-12-31,3526.896356066165
2015-01-01,3556.5808019911933
2015-01-02,3577.2212013563994
2015-01-03,3637.6428759907335
2015-01-04,3696.7612373540587
2015-01-05,3727.0974599485708
2015-01-06,3776.605497394513
2015-01-07,3864.8630597998285
2015-01-08,3910.2667842353458
2015-01-09,3939.101717497484
2015-01-10,3999.7403934725476
2015-01-11,4050.867551831275
2015-01-12,4065.0046549130284
2015-01-13,4090.339256219862
2015-01-14,4146.911742728419
2015-01-15,4153.799771593952
2015-01-16,4138.170792353606
2015-01-17,4149.458384839938
2015-01-18,4147.559071243382
2015-01-19,4106.324517908698
2015-01-20,4075.355065078916
2015-01-21,4076.1480931060923
2015-01-22,4029.2426061047126
2015-01-23,3963.2315290828287
2015-01-24,3928.898567365948
2015-01-25,3887.3773877281983
2015-01-26,3813.6090893565115
2015-01-27,3758.10487741541
2015-01-28,3743.0683169570902
2015-01-29,3689.519287578184
2015-01-30,3626.2917236539543
2015-01-31,3604.162427930769
2015-02-01,3584.008872889121
2015-02-02,3540.272188530499
2015-02-03,3522.731942849029
2015-02-04,3552.6468634528856
2015-02-05,3549.9031108539157
2015-02-06,3542.0415334724457
2015-02-07,3578.420375622075
2015-02-08,3618.410518937903
2015-02-09,3634.8982635245425
2015-02-10,3676.101343318581
2015-02-11,3761.7511122750657
2015-02-12,3810.281397604652
2015-02-13,3847.894342580375
2015-02-14,3922.758657526081
2015-02-15,3993.236390798651
2015-02-16,4031.4123681356537
2015-02-17,4084.931271369039
2015-02-18,4173.194723908373
2015-02-19,4214.558479890972
2015-02-20,4235.399820878365
2015-02-21,4284.310546590629
2015-02-22,4320.311826457892
2015-02-23,4316.365397857631
2015-02-24,4321.186592389973
2015-02-25,4355.41222638322
2015-02-26,4338.764260942646
2015-02-27,4299.080260843846
2015-02-28,4286.467055348821
2015-03-01,4261.474947196325
2015-03-02,4198.568068027424
2015-03-03,4147.89747611723
2015-03-04,4131.431118492322
2015-03-05,4070.082590124912
2015-03-06,3992.710661065552
2015-03-07,3950.2467987736504
2015-03-08,3903.848733915514
2015-03-09,3828.3561996569138
2015-03-10,3774.0558169518254
2015-03-11,3762.809442123158
2015-03-12,3715.187922449584
2015-03-13,3659.4820611624746
2015-03-14,3645.847678493758
2015-03-15,3634.4822978823254
2015-03-16,3599.108933936157
2015-03-17,3588.77315646435
2015-03-18,3624.0068441092844
2015-03-19,3623.999585509816
2015-03-20,3615.648485075441
2015-03-21,3647.7421882229787
2015-03-22,3679.175585588614
2015-03-23,3682.4696348651673
2015-03-24,3705.601496680987
2015-03-25,3768.1975067810104
2015-03-26,3788.729161819086
2015-03-27,3793.5822266901673
2015-03-28,3831.2542776172677
2015-03-29,3860.576801223977
2015-03-30,3854.236118594888
2015-03-31,3860.598334281767
2015-04-01,3899.891007970398
2015-04-02,3891.382067478153
2015-04-03,3862.426567736038
2015-04-04,3862.6372472819007
2015-04-05,3852.0757618879643
2015-04-06,3804.7397240157816
2015-04-07,3770.3516837166376
2015-04-08,3770.503734062154
2015-04-09,3725.799267474304
2015-04-10,3664.8634917253785
2015-04-11,3638.479617176924
2015-04-12,3607.748524035693
2015-04-13,3547.547846556716
2015-04-14,3508.2973410236054
2015-04-15,3512.0848166738606
2015-04-16,3479.794614951497
2015-04-17,3440.110552958931
2015-04-18,3443.6504041825538
2015-04-19,3451.1296993208703
2015-04-20,3436.830638459976
2015-04-21,3450.3826565945938
2015-04-22,3512.9084675381437
2015-04-23,3544.1769891896474
2015-04-24,3571.6343746985967
2015-04-25,3644.5694426061855
2015-04-26,3722.310442587487
2015-04-27,3777.7280596077085
2015-04-28,3859.050292648083
2015-04-29,3986.0421347386637
2015-04-30,4077.190590888284
2015-05-01,4158.76544713557
2015-05-02,4279.011348797059
2015-05-03,4396.36748468493
2015-05-04,4482.989251251932
2015-05-05,4586.577127514986
2015-05-06,4726.565414609947
2015-05-07,4821.311241160881
2015-05-08,4897.154250869787
2015-05-09,5002.602669424822
2015-05-10,5096.542315829596
2015-05-11,5151.743319756861
2015-05-12,5216.670269551784
2015-05-13,5311.649028760733
2015-05-14,5356.031278573255
2015-05-15,5377.227910722585
2015-05-16,5424.867708557462
2015-05-17,5458.978630814428
2015-05-18,5453.46719913566
2015-05-19,5457.902421619187
2015-05-20,5493.658147601974
2015-05-21,5481.055500738345
2015-05-22,5448.377022579405
2015-05-23,5446.009376470804
2015-05-24,5434.612236065444
2015-05-25,5388.589058671805
2015-05-26,5357.866263123555
2015-05-27,5364.034683241627
2015-05-28,5327.494812331746
2015-05-29,5276.477238801968
2015-05-30,5261.19479987383
2015-05-31,5242.023676300249
2015-06-01,5192.988662586255
2015-06-02,5163.558618043941
2015-06-03,5174.805423533158
2015-06-04,5146.567398486178
2015-06-05,5106.488020059514
2015-06-06,5104.185932403547
2015-06-07,5099.452964876839
2015-06-08,5065.754938611485
2015-06-09,5052.040872915515
2015-06-10,5078.913593745146
2015-06-11,5065.802454977762
2015-06-12,5040.0088540543275
2015-06-13,5050.880455423141
2015-06-14,5058.010851103621
2015-06-15,5034.739530021303
2015-06-16,5029.957935778462
2015-06-17,5064.274851126598
2015-06-18,5057.182113742868
2015-06-19,5036.091684964042
2015-06-20,5050.500358419781
2015-06-21,5060.179231273322
2015-06-22,5038.663209170273
2015-06-23,5035.046716398141
2015-06-24,5070.139220709904
2015-06-25,5063.621915904565
2015-06-26,5043.076879001572
2015-06-27,5058.145231899858
2015-06-28,5068.711614039417
2015-06-29,5048.390357078168
2015-06-30,5046.319586668785
2015-07-01,5083.316847926922
2015-07-02,5079.0375205838955
2015-07-03,5061.007203715752
2015-07-04,5078.7844095521405
2015-07-05,5092.150637227599
2015-07-06,5074.602946183264
2015-07-07,5075.154958101579
2015-07-08,5114.49957431941
2015-07-09,5112.174363429844
2015-07-10,5095.600497733693
2015-07-11,5114.251298097473
2015-07-12,5127.847209735802
2015-07-13,5109.852121011146
2015-07-14,5109.276794794081
2015-07-15,5146.842594058042
2015-07-16,5142.146408981397
2015-07-17,5122.697676295152
2015-07-18,5138.083621514194
2015-07-19,5148.159674018971
2015-07-20,5126.540146188199
2015-07-21,5122.395170308012
2015-07-22,5156.607335934428
2015-07-23,5148.929223178615
2015-07-24,5127.013027376908
2015-07-25,5140.5687156828535
2015-07-26,5149.547969006384
2015-07-27,5127.62928600593
2015-07-28,5124.010499447621
2015-07-29,5159.562365209021
2015-07-30,5153.984589224368
2015-07-31,5134.8356026896045
2015-08-01,5151.692580599336
2015-08-02,5164.3389479831185
2015-08-03,5146.25467680598
2015-08-04,5146.41548661957
2015-08-05,5185.454411965871
2015-08-06,5182.826850124177
2015-08-07,5165.850101005613
2015-08-08,5183.873558363428
2015-08-09,5196.476434284812
2015-08-10,5176.967943092726
2015-08-11,5174.19567927131
2015-08-12,5208.715285476757
2015-08-13,5199.962181869092
2015-08-14,5175.296063346335
2015-08-15,5184.17406732812
2015-08-16,5186.349296457608
2015-08-17,5155.369492177373
2015-08-18,5140.381537496868
2015-08-19,5162.294906763188
2015-08-20,5140.9449351617595
2015-08-21,5104.126794870919
2015-08-22,5101.75633622269
2015-08-23,5094.054803266528
2015-08-24,5055.032605601923
2015-08-25,5034.278260957439
2015-08-26,5053.106100224663
2015-08-27,5031.704105250235
2015-08-28,4998.153272400733
2015-08-29,5002.575159025967
2015-08-30,5005.305097667837
2015-08-31,4980.366696324773
2015-09-01,4977.254121838154
2015-09-02,5017.0760732758845
2015-09-03,5019.703051584902
2015-09-04,5012.789465646205
2015-09-05,5045.9272830079935
2015-09-06,5078.828660970199
2015-09-07,5084.813025448429
2015-09-08,5112.604843788737
2015-09-09,5182.495652288118
2015-09-10,5213.511511118102
2015-09-11,5232.456916388064
2015-09-12,5288.091303582625
2015-09-13,5339.334955760058
2015-09-14,5358.779130614768
2015-09-15,5394.505986728211
2015-09-16,5466.271210703284
2015-09-17,5492.689885138674
2015-09-18,5500.296039937469
2015-09-19,5537.731497689363
2015-09-20,5563.960383516404
2015-09-21,5551.783765741635
2015-09-22,5549.659767452402
2015-09-23,5577.881927257992
2015-09-24,5555.75634879801
2015-09-25,5510.648206757038
2015-09-26,5492.153470137033
2015-09-27,5460.292583378903
2015-09-28,5389.001053966579
2015-09-29,5327.922869437629
2015-09-30,5298.560190924962
2015-10-01,5221.420600246541
2015-10-02,5125.033254803479
2015-10-03,5060.090625227669
2015-10-04,4987.61337578167
2015-10-05,4882.41413775658
2015-10-06,4794.866859755364
2015-10-07,4747.035880235475
2015-10-08,4659.806614263427
2015-10-09,4561.889721798123
2015-10-10,4503.955827702989
2015-10-11,4446.7986181263295
2015-10-12,4364.802188215385
2015-10-13,4307.7193043857
2015-10-14,4296.814559041911
2015-10-15,4252.013998108128
2015-10-16,4200.932639769355
2015-10-17,4193.036379153861
2015-10-18,4187.835416001274
2015-10-19,4158.384298360432
2015-10-20,4153.094389913127
2015-10-21,4191.911832435455
2015-10-22,4193.501651227106
2015-10-23,4184.308488859782
2015-10-24,4212.7495542824845
2015-10-25,4237.4360674617465
2015-10-26,4230.697510802611
2015-10-27,4240.413810641132
2015-10-28,4286.207953356691
2015-10-29,4286.639251089935
2015-10-30,4268.267456838962
2015-10-31,4279.84318679835
2015-11-01,4280.520962183175
2015-11-02,4243.3693754418755
2015-11-03,4217.1838552296695
2015-11-04,4222.65503458742
2015-11-05,4179.533573181804
2015-11-06,4115.662388473682
2015-11-07,4081.1326078093207
2015-11-08,4036.4604837175552
2015-11-09,3956.060757889634
2015-11-10,3890.0229523340654
2015-11-11,3860.2445920438445
2015-11-12,3787.5631778199318
2015-11-13,3700.758772726876
2015-11-14,3650.684337962092
2015-11-15,3598.421776053896
2015-11-16,3518.7397538499517
2015-11-17,3461.860225198583
2015-11-18,3449.5879405101905
2015-11-19,3402.4448775822048
2015-11-20,3348.6814018565556
2015-11-21,3338.421066415186
2015-11-22,3331.836619620891
2015-11-23,3302.6327486333253
2015-11-24,3299.8417949144296
2015-11-25,3343.9859242289867
2015-11-26,3354.246782090574
2015-11-27,3357.5134656236464
2015-11-28,3402.5646983740353
2015-11-29,3448.28173419177
2015-11-30,3467.166487840618
2015-12-01,3507.170138034326
2015-12-02,3587.884763133166
2015-12-03,3627.738212421494
2015-12-04,3653.0623337154248
2015-12-05,3712.289871718888
2015-12-06,3764.1761457203415
2015-12-07,3781.319753495861
2015-12-08,3811.987470561279
2015-12-09,3876.296005278099
2015-12-10,3893.3910874270696
2015-12-11,3890.494452799704
2015-12-12,3917.0746350439767
2015-12-13,3933.038408714549
2015-12-14,3912.2179838275506
2015-12-15,3904.1600687374994
2016-01-01,3904.375712155315
2016-02-01,3947.5784304405056
2016-03-01,4584.141310451416
2016-04-01,4249.817617203696
2016-05-01,4640.3555518952735
2016-06-01,5583.125765405511
2016-07-01,5435.790831328973
2016-08-01,5520.343731205235
2016-09-01,5387.043354809628
2016-10-01,5537.117663864409
2016-11-01,4622.571052635364
2016-12-01,3947.917934692688
